ID|MD5|Feauters|Type
1|90C405BA78F6D526832ED57FF089AA5E|Potentially Bad Traffic|Worm
2|BE6DA80B776EBE05E93A9A6C08807A9A|Null|Legitimate
3|FD21B1BD8CE7930CA815D8508A566E8A|Null|Malicious
4|CF87609B1F97A0F2D7F942D6F4C35C0F|Detects the creation of an executable by another executable|Virus
5|3F4A19DB44F8F3920A55FA4845183459|Query firmware table information (likely to detect VMs)|Virus
6|C827BE515527D4B4EDF27F11FA04B730|Null|Legitimate
7|340969E45BE2897C4365346F552F8571|Null|Legitimate
8|ADF9F6CC8F79DC3E59FE4ADAB7478063|Potentially Bad Traffic|Worm
9|AED81577F85668AE4BAB6B9241C7E6BB|Null|Legitimate
10|385BDFC502A98B30D17728FA171CE07E|Null|Legitimate
11|5E96AF7E5726B064345B25DCBE96C13D|A Network Trojan was detected|Trojan
12|ECF6A06246F49F3028DEF6B2F469268B|Tries to harvest and steal browser information (history, passwords, etc)|Trojan
13|9B88D9D1EBB33B682279F27983CDF843|Null|Legitimate
14|457DFD2C17E32FDE119A7DC11D62DE0B|Null|Legitimate
15|F7FFE46AEB24722A7B0714B06E47F9D7|Detect Xmrig|Trojan
16|14799585C061301724A339D6720B013F|Null|Legitimate
17|B0962BC544E3FDE93FBCDBC14A8228A2|Null|Legitimate
18|75523BC7C32E4156C5D5D8780E72C178|Uses dynamic DNS services|Worm
19|EFAB2F333860426613A27C22E87329E2|A Network Trojan was detected|Trojan
20|4D089F6D15B92693578B6F3AD414C9E7|Modifies user documents (likely ransomware behavior)|Trojan
21|2BC00EB6E395EC97BE60DCD9B69EBD1F|Tries to steal Crypto Currency Wallets|Trojan
22|B6BC81D145A6DB2D189051844DAEB64A|Null|Legitimate
23|0AE5CFB3DE103FEBBB547BF7A36AEC2C|Null|Legitimate
24|F75BBC3A02C7AE376C6E21BB58D70224|Detects the creation of an executable by another executable|Virus
25|7CB9460F9C43E15AAA19EB45BF2CE944|Binary contains a suspicious time stamp|Malicious
26|A383534669FF5EF9786E6AA9DC78CA66|Contains functionality to spread to USB devices (.Net source)|Virus
27|F05771E746DD45D49D17A83427FCB906|Null|Legitimate
28|67BD89EA499879545A4784B1BA387B91|Found many strings related to Crypto-Wallets (likely being stolen)|Trojan
29|B23A92316CC0171F961B7458B9A94162|C2 URLs / IPs found in malware configuration|Worm
30|32ECBFCD1B769C857657F0455BFAE8DE|Contains functionality to log keystrokes (.Net Source)|Virus
31|F2D6B29A92A7F81177DE29DB386D02AD|Detects the creation of an executable by another executable|Virus
32|2160B328DFDBBE8080A40F80AE87AF73|Domain Observed Used for C2 Detected|Worm
33|D54E7BF49911210420C73B5F116A82A7|Tries to harvest and steal browser information (history, passwords, etc)|Trojan
34|04D076299D2B644C61C5D7B164A0B73D|Tries to harvest and steal ftp login credentials|Trojan
35|8468C0223B7665174D19866D33AE9731|Creates processes via WMI|Worm
36|FC9EA28A3C3659C4200E442D20198458|Creates processes via WMI|Worm
37|B26439EB7F5E2A7F1E2DABCFA8E3A7B1|Tries to harvest and steal browser information (history, passwords, etc)|Trojan
38|D0525E69E54066D5B3764ACEFD16A754|Uses cmd line tools excessively to alter registry or file data|Virus
39|279C66B28F19A510AD6C0F155871FAC3|Uses cmd line tools excessively to alter registry or file data|Virus
40|2B3BFF5880CB5D9AB44C302BD1047313|Uses schtasks.exe or at.exe to add and modify task schedules|Virus
41|97824A1A018A194220866D5548EEFF95|Tries to harvest and steal browser information (history, passwords, etc)|Trojan
42|ADB6B242B9D6674ED4A534958AC8D0A2|Tries to harvest and steal browser information (history, passwords, etc)|Trojan
43|8A3450D84F03D9EA8ABB543D2BA41288|A Network Trojan was detected|Trojan
44|8295B77E175EA54CA514A3404B66FB78|A Network Trojan was detected|Trojan
45|704A33A076E1CD1F16F75C039EFD2806|Detects the creation of an executable by another executable|Virus
46|7D124BC23BE85D73B1177143F41B5E72|Tries to harvest and steal ftp login credentials|Trojan
47|7434B42E11380272961C92E061072E78|C2 URLs / IPs found in malware configuration|Worm
48|2239A58CC93FD94DC2806CE7F6AF0A0B|Tries to harvest and steal browser information (history, passwords, etc)|Trojan
49|0D079A931E42F554016DB36476E55BA7|Overwrites code with unconditional jumps - possibly settings hooks in foreign process|Trojan
50|0F6EF96C5E687631EF27F1DCD1AFE7B4|Overwrites code with unconditional jumps - possibly settings hooks in foreign process|Trojan
